标题,链接
“携手续写更加精彩的澳门故事”,http://www.news.cn/https://www.news.cn/politics/leaders/20241217/41f5e024fd104a6d887597c9b2f2a83b/c.html
系统回答关于党的自我革命的三个重大问题,http://www.news.cn/https://www.news.cn/politics/leaders/20241217/3639442828a442f49a553870f1bb70f0/c.html
从考察行程中，感受总书记的文化情怀,http://www.news.cn/https://www.news.cn/politics/leaders/20241216/6342ade54c5340fea7b3859161e62183/c.html
习近平主席寄望澳门青年成长成才,http://www.news.cn/https://www.news.cn/politics/leaders/20241215/4f6f8519493f484ebbe850297af0fa2f/c.html
中共中央举行纪念乔石同志诞辰100周年座谈会 习近平发表重要讲话,http://www.news.cn/https://www.news.cn/politics/leaders/20241216/8b09ff27183340438edc6e7843728586/c.html
重磅微视频丨习近平的澳门情缘,http://www.news.cn/https://www.news.cn/politics/leaders/20241217/4c8280c3244b413998d6eeff9d7251a5/c.html
“澳门经验”弥足珍贵,http://www.news.cn/https://www.news.cn/politics/leaders/20241217/718ff094d80d4b9dbe5a18d6c0236265/c.html
澳门回归祖国25周年丨声在澳门,http://www.news.cn/http://www.news.cn/gangao/20241217/199fb58a03a34718964bdea782ba57c7/c.html
我国成功发射航天宏图PIESAT-2 09～12星,http://www.news.cn/https://www.news.cn/tech/20241217/4a5aece4cb224f029d4513f67e10b3a2/c.html
“云中漫步”架“天梯”,http://www.news.cn/https://www.news.cn/photo/20241217/a84ac64c4d5c4f89ab41f8a3f43afcd7/c.html
美丽中国丨万鸟翔集 草海越冬,http://www.news.cn/https://www.news.cn/photo/20241217/af547a495c1a46bc99b05331b950f154/c.html
“节目单”大放送！新华网2025乡村振兴赋能季等你启幕,http://www.news.cn/https://xczx.news.cn/20241217/b53169e160cb482a9b4200470026cc51/c.html
新疆生产建设兵团第五师88团明园学校“冰雪运动场”落成,http://www.news.cn/https://www.news.cn/money/20241212/6aca691e61e240f5b05a1f21f2d3527a/c.html
从农田到餐桌 康师傅以高品质绘就食品安全新蓝图,http://www.news.cn/https://www.news.cn/food/20241216/c8df2697f97d40288606dcd4f79eab28/c.html
这个县城凭什么成为地信产业“领头羊”,http://www.news.cn/http://www.news.cn/politics/20241217/3c5d679923c4473ca658f2fcd57dfb69/c.html
冬瞰青藏线丨“冰天雪地”的守护色,http://www.news.cn/http://www.news.cn/local/20241217/c304a7ec6cf1408686c0844df9ad3704/c.html
强信心·走进百企｜“燕”从“东方”来,http://www.news.cn/http://ah.news.cn/20241217/d27129a353f34745a5195658efb08049/c.html
河北曹妃甸港区：开设绿色通道 保障“北煤南运”,http://www.news.cn/https://www.news.cn/photo/20241217/01360f5b92c741ddbe799c1cd10fb545/c.html
神秘“土包”，竟是西夏帝陵？！,http://www.news.cn/http://www.news.cn/local/20241216/af01b72cf772450dabb2e2e34b50153a/c.html
中央经济工作会议听“新”意丨新消费带动新模式,http://www.news.cn/https://www.news.cn/fortune/20241217/5972d8d0aba44728bd7dc3f1fbc462f0/c.html
2024中国肖像画丨远行的你，归家的你,http://www.news.cn/http://www.news.cn/20241217/09eb0a4d3e774887bd641ceb0ff5516c/c.html
走读青春城市：“打开”向阳生长的澳门,http://www.news.cn/http://www.news.cn/20241217/5ac103d27cad486dbee5a9dfc764e1d1/c.html
新疆温宿博孜墩：云雾缭绕恍若仙境,http://www.news.cn/http://xj.news.cn/20241217/0048debdbc1b4a7e814e7488836a88eb/c.html
加沙：为遇难记者送葬,http://www.news.cn/https://www.news.cn/photo/20241217/ec75b712048c4afb829ee105578cc4e1/c.html
云南大关迎来越冬黑颈鹤,http://www.news.cn/http://yn.news.cn/20241217/23314e4c0ce74cbdb24938057e4d48f5/c.html
安徽含山：冬日湿地生态美,http://www.news.cn/http://ah.news.cn/20241217/28491c957b8b4e70bc1d7e2bc8adf854/c.html
舞剧《天工开物》共话文化传承与创新,http://www.news.cn/http://jx.news.cn/20241217/ad95fa64be444e9fad3926a256eb79f5/c.html
卷羽鹈鹕现身连云港,http://www.news.cn/http://js.news.cn/20241216/74ded81a00f848d39a73ff8b4ce966ee/c.html
山东日照：冬日层林尽染,http://www.news.cn/http://sd.news.cn/20241217/b13ea64b55df4214891d351b4737112a/c.html
我国首家外商独资三级综合医院在津落地,http://www.news.cn/http://www.news.cn/local/20241216/0cacf8dc7cae4b39b92f74e6e3bcc179/c.html
“被直播”要勇于维权,http://www.news.cn/https://www.news.cn/comments/20241213/042b8a63182c4fa19102fb2b20617ed1/c.html
线上购药调查,http://www.news.cn/https://www.news.cn/health/20241216/c21f635487944c4facd277b461e7d46d/c.html
尹锡悦弹劾动议案通过，韩国弹劾总统都有哪些流程？,http://www.news.cn/http://www.news.cn/world/20241214/bfb8cef345d5490284d2078396c8e7c8/c.html
新华全媒头条丨,http://www.news.cn/http://www.news.cn/depthobserve/xhqmtt.html
绿“锁”塔漠育新机,http://www.news.cn/http://www.news.cn/20241215/cd30d702b5684ee89aee7a0fabc58f81/c.html
雄安：大模型重塑未来,http://www.news.cn/http://www.news.cn/politics/20241217/4c231db3c36a4e5bb971ad552e6e70e5/c.html
旅游公路铺就“诗和远方”,http://www.news.cn/http://www.news.cn/local/20241217/53a41c1b5cc243cb95bf910754d4c1ff/c.html
专访中国工程院院士钮新强：让中国人喝上好水,http://www.news.cn/https://www.news.cn/talking/20241211/b3829270e8d64465871915b7691fc03d/c.html
央行精准调控 流动性保持充裕料无虞,http://www.news.cn/20241217/9270d7750cf24fa1863349c8b434964b/c.html
电动汽车供电设备强制认证将解决哪些问题和隐患？,http://www.news.cn/http://www.news.cn/auto/20241217/b1a803a4621147c2bb05f42d00a5965d/c.html
防治心肌纤维化有了新途径,http://www.news.cn/http://www.news.cn/science/20241217/d3c3b440f77a49479ac010a2fb8c4b11/c.html
科技为“诗和远方”镀上崭新光泽,http://www.news.cn/https://www.news.cn/info/20241217/95afd421c0944bba9bad77f72d8d1200/c.html
北京三线段轨道新线周日开通试运营,http://www.news.cn/https://www.news.cn/house/20241213/edef6cc1b914430f91cbe896beef26ca/c.html
2023新华网溯源中国“种子计划”精彩集锦,http://www.news.cn/http://news.cn/info/xbsyzg/rdzt/zzjh3/index.html
神秘“土包”，竟是西夏帝陵？！,http://www.news.cn/https://www.news.cn/culture/20241217/c8809b7094bb418b9e9ddbc990913aa7/c.html
宠物经济快速增长激活消费新潜能,http://www.news.cn/https://www.news.cn/fashion/20241217/e782b87de179453da9d6666e42280b98/c.html
乒超联赛决出八支球队晋级总决赛,http://www.news.cn/https://sports.news.cn/20241217/12aae813b8e744aab5af7d02e13097d4/c.html
傅华会见委内瑞拉新闻和通信部长尼亚涅斯,http://www.news.cn/http://www.news.cn/politics/20241018/86880c3b55ae4a47bf3d243807bbbf26/c.html
“一带一路”国际智库合作论坛暨第二届丝绸之路（西安）国际传播大会开幕,http://www.news.cn/http://www.news.cn/world/20241015/84a023c6c9b8493fae0daec38924cddc/c.html
习近平的乡土情,http://www.news.cn/https://www.news.cn/politics/leaders/20241217/1cd72d1a6cc74a21b6714c156e3db2df/c.html
学习新语丨“把乡村全面振兴的美好蓝图变为现实”,http://www.news.cn/https://www.news.cn/politics/leaders/20241217/8a33dcc0d954496b8402b7e09426a80b/c.html
2024，喜看“三农”新图景：农业更高效 乡村更美好,http://www.news.cn/http://www.news.cn/politics/20241216/875e12cedd334002a8e21dfa0a575ccb/c.html
九个维度看2024农业领域交出亮眼成绩单,http://www.news.cn/http://www.news.cn/politics/20241217/21926edfe8bc496f80fa9ca155870f4d/c.html
时政,http://www.news.cn/http://www.news.cn/politics/
财经,http://www.news.cn/http://www.news.cn/fortune/index.htm
国际,http://www.news.cn/http://www.news.cn/world/
王毅出席2024年国际形势与中国外交研讨会并发表演讲,http://www.news.cn/https://www.news.cn/politics/leaders/20241217/23295d3bc47e4a4b97c2d8307c55dbaa/c.html
谈2024年中国外交五大亮点,http://www.news.cn/https://www.news.cn/politics/leaders/20241217/61def6f6067a44519afb13f162de590a/c.html
中美金融工作组举行第七次会议,http://www.news.cn/https://www.news.cn/world/20241217/77a8e26476ed42a5ae7d7b7b4afc6c8b/c.html
关于第九届全国道德模范候选人的公示,http://www.news.cn/http://www.news.cn/politics/20241216/27c728d537fc4a32820dff289596785e/c.html
三部门联合印发《乡村地名建设指南1.0版》,http://www.news.cn/http://www.news.cn/politics/20241217/33be7dcf70a44f32a503b609d1aa1399/c.html
我国加快以标准提升引领原材料工业优化升级,http://www.news.cn/https://www.news.cn/fortune/20241217/0a9e835677064bf3bc44d4a4d3a1a66f/c.html
《运动员技术等级标准》修订：控量提质 重视大球,http://www.news.cn/https://sports.news.cn/20241217/ea8b4280c6d34304a2419134f9e983dd/c.html
中国网络文学加速出海 海外营收规模达43.5亿元,http://www.news.cn/https://www.news.cn/fortune/20241217/c06011824cb949ff968dcd536f7ceec2/c.html
生态环境部：12月下半月河北等地可能出现重度污染,http://www.news.cn/http://www.news.cn/politics/20241217/35509116d5e145a0bd6dec72d847132d/c.html
中央企业品牌引领行动首批优秀成果发布,http://www.news.cn/https://www.news.cn/fortune/20241217/11c14331c701401bbcd587521bcf01b2/c.html
专题丨,http://www.news.cn/http://www.news.cn/zt/2024jjbxjj/index.html
冰雪试验区蹲点见闻：冰雪崛起新力量,http://www.news.cn/http://www.news.cn/local/20241217/56a164ff8f6d4669b7a34bbbb38183a9/c.html
云南省政府原副省长李石松严重违纪违法被“双开”,http://www.news.cn/http://www.news.cn/legal/20241217/4cbffc16d7544616843a6369e2735b86/c.html
健康我来说丨无痛分娩针什么时候打比较合适？,http://www.news.cn/http://www.news.cn/20241217/998a5635ab1141a2ad5c33c1ba9c7330/c.html
尹锡悦将在宪法法院举行公开辩论时到场,http://www.news.cn/https://www.news.cn/world/20241217/500285c01c2347629a092ed6924bd8b1/c.html
特朗普：美中联手可以解决世界上所有问题,http://www.news.cn/https://www.news.cn/world/20241217/e9756e6001da425ab01b4328cb14354a/c.html
多国代表共话印度洋地区蓝色经济发展合作,http://www.news.cn/https://www.news.cn/world/20241217/ffe40b2077a14d25a046a8c34517a04c/c.html
TikTok要求美最高法院冻结强迫出售令,http://www.news.cn/https://www.news.cn/world/20241217/44cc4da025614b99abf9db98e3a93bf4/c.html
斯里兰卡选出新议长,http://www.news.cn/https://www.news.cn/world/20241217/050e7775f1314a3796de0621bc87aa8a/c.html
瓦努阿图7.3级地震致建筑物倒塌至少一人死亡,http://www.news.cn/https://www.news.cn/world/20241217/b8cf08d6d91b456e851a7ba3d581034e/c.html
,http://www.news.cn/https://zq.app.xinhuanet.com
,http://www.news.cn/https://my-h5news.app.xinhuanet.com/h5/mountainSeaChina/index.html
,http://www.news.cn/https://my-h5news.app.xinhuanet.com/h5/museumDaily/index.html
,http://www.news.cn/https://my-h5news.app.xinhuanet.com/h5/zhuanti/index.html?articleId=64334c432eb7443daf397f9ba575f557&xhw_page_style=10000000&
,http://www.news.cn/http://www.news.cn/enterprise/zt/2024qyjbalt/index.html
,http://www.news.cn/http://yn.news.cn/topic/2024zt/yynkwg/index.html
,http://www.news.cn/http://xczx.news.cn/esg/index.html
,http://www.news.cn/https://xszg-pc.app.xinhuanet.com/home
,http://www.news.cn/https://education.news.cn/zthz/2024cip/index.html
,http://www.news.cn/http://www.news.cn/talking/dgzs/index.html
,http://www.news.cn/http://www.news.cn/world/zltx/index.html
,http://www.news.cn/http://www.news.cn/video/xiangxingji2023/index.htm
,http://www.news.cn/http://www.news.cn/video/artx/index.html
,http://www.news.cn/http://news.cn/auto/rdzt/qccypylm/index.html
,http://www.news.cn/http://www.xinhuanet.com/science/dynamic/xjds.htm
,http://www.news.cn/http://education.news.cn/zthz/jiuye2023/index.html
English,http://www.news.cn/https://english.news.cn/home.htm
Español,http://www.news.cn/https://spanish.news.cn/index.htm
Français,http://www.news.cn/https://french.news.cn/index.htm
عربى,http://www.news.cn/https://arabic.news.cn/index.htm
Русский язык,http://www.news.cn/https://russian.news.cn/index.htm
日本語,http://www.news.cn/https://jp.news.cn/index.htm
한국어,http://www.news.cn/https://kr.news.cn/index.htm
Deutsch,http://www.news.cn/https://german.news.cn/index.htm
Português,http://www.news.cn/https://portuguese.news.cn/index.htm
,http://www.news.cn/https://www.news.cn/politics/leaders/20241217/41f5e024fd104a6d887597c9b2f2a83b/c.html
“携手续写更加精彩的澳门故事”,http://www.news.cn/https://www.news.cn/politics/leaders/20241217/41f5e024fd104a6d887597c9b2f2a83b/c.html
,http://www.news.cn/https://www.news.cn/politics/leaders/20241217/3639442828a442f49a553870f1bb70f0/c.html
系统回答关于党的自我革命的三个重大问题,http://www.news.cn/https://www.news.cn/politics/leaders/20241217/3639442828a442f49a553870f1bb70f0/c.html
第一观察,http://www.news.cn/http://www.news.cn/politics/leaders/xijinping/zlbd/dygc.htm
,http://www.news.cn/https://www.news.cn/politics/leaders/20241216/6342ade54c5340fea7b3859161e62183/c.html
从考察行程中，感受总书记的文化情怀,http://www.news.cn/https://www.news.cn/politics/leaders/20241216/6342ade54c5340fea7b3859161e62183/c.html
镜观·足迹,http://www.news.cn/http://www.news.cn/politics/leaders/xijinping/zlbd/jglh.htm
,http://www.news.cn/https://www.news.cn/politics/leaders/20241215/4f6f8519493f484ebbe850297af0fa2f/c.html
习近平主席寄望澳门青年成长成才,http://www.news.cn/https://www.news.cn/politics/leaders/20241215/4f6f8519493f484ebbe850297af0fa2f/c.html
镜观·回响,http://www.news.cn/http://www.news.cn/politics/leaders/xijinping/zlbd/jglh.htm
,http://www.news.cn/http://www.news.cn/20241217/09eb0a4d3e774887bd641ceb0ff5516c/c.html
2024中国肖像画丨远行的你，归家的你,http://www.news.cn/http://www.news.cn/20241217/09eb0a4d3e774887bd641ceb0ff5516c/c.html
,http://www.news.cn/http://www.news.cn/20241217/5ac103d27cad486dbee5a9dfc764e1d1/c.html
走读青春城市：“打开”向阳生长的澳门,http://www.news.cn/http://www.news.cn/20241217/5ac103d27cad486dbee5a9dfc764e1d1/c.html
中共中央举行纪念乔石同志诞辰100周年座谈会 习近平发表重要讲话,http://www.news.cn/https://www.news.cn/politics/leaders/20241216/bd8e9f0c589e41328bcf6dde48df8d0a/c.html
专题丨,http://www.news.cn/http://www.news.cn/gangao/zt/rlqzamhg25zz/index.html
澳门回归祖国25周年，一起回顾习近平主席对澳门青年人的殷切期望,http://www.news.cn/https://www.news.cn/politics/leaders/20241217/9bb78fef6cd34560880fac0c9639b68e/c.html
澳门的家国情怀传承不息,http://www.news.cn/http://www.news.cn/gangao/20241217/698fca8e2d584368b1e748335d7df84c/c.html
李强主持国务院第十一次专题学习,http://www.news.cn/https://www.news.cn/politics/leaders/20241217/6bdfb9fb29474825ab9aec119e1a5d2a/c.html
学习贯彻党的二十届三中全会精神,http://www.news.cn/http://www.news.cn/zt/xxgcddesjszqhjs/index.html
专题,http://www.news.cn/http://www.news.cn/zt/xxgcddesjszqhjs/index.html
专题丨,http://www.news.cn/http://www.news.cn/zt/2024zyjjgzhy/index.html
新华社论学习贯彻中央经济工作会议精神,http://www.news.cn/http://www.news.cn/zt/nnzt/06/index.html
2025年中国外交将继续谋大势、担大义、行大道,http://www.news.cn/https://www.news.cn/world/20241217/a57e567aa2484084bc16eda6d0a8f59d/c.html
延长至240小时 中国过境免签政策全面放宽优化,http://www.news.cn/http://www.news.cn/politics/20241217/3968cd065caf4c62b5051c53161822d2/c.html
中国经济数据观丨货币政策发力稳增长怎么看,http://www.news.cn/https://www.news.cn/fortune/20241217/c3612c601ec048fdafc099af9bf79818/c.html
新时代中国调研行丨,http://www.news.cn/http://www.news.cn/zt/xsdzgdyxzkqy/dwqp/index.html
粤港澳共塑“健康湾区”,http://www.news.cn/http://www.news.cn/local/20241217/6b3c462e15d743e79fd4ffd8dabe3c9a/c.html
燃气安全系列调查之二：管道老化敲响安全警钟,http://www.news.cn/https://www.news.cn/fortune/20241217/9467e993c05a452fb124f50d38b7718b/c.html
俄军方一司令在莫斯科居民楼爆炸中身亡,http://www.news.cn/http://www.news.cn/20241217/081c50df6c70407581a9e1d22a81553f/c.html
新华社消息丨,http://www.news.cn/https://my-h5news.app.xinhuanet.com/h5/specialTopic/indexPc.html?articleId=2e6046f353184711a378901f1979475b
朔尔茨未通过信任投票,http://www.news.cn/https://www.news.cn/world/20241217/7dfc3f3b78dc4093bac8cf654c89bed7/c.html
提前大选结局难料,http://www.news.cn/https://www.news.cn/world/20241217/77774cff429c4b72af4d21a1e0f13189/c.html
新华社消息丨,http://www.news.cn/https://my-h5news.app.xinhuanet.com/h5/specialTopic/indexPc.html?articleId=2e6046f353184711a378901f1979475b
朔尔茨未通过信任投票,http://www.news.cn/https://www.news.cn/world/20241217/7dfc3f3b78dc4093bac8cf654c89bed7/c.html
影响几何,http://www.news.cn/https://www.news.cn/world/20241217/3973cb6c355e47c596f73b237d5eedf7/c.html
观察,http://www.news.cn/https://www.news.cn/world/20241217/9e8c983629a94d65b72092063d21eba5/c.html
新华社消息丨,http://www.news.cn/https://my-h5news.app.xinhuanet.com/h5/specialTopic/indexPc.html?articleId=2e6046f353184711a378901f1979475b
也门胡塞武装称向以色列发射高超音速导弹,http://www.news.cn/https://www.news.cn/world/20241217/2a605186ef04477faf2df3575b2baf14/c.html
斯里兰卡选出新议长,http://www.news.cn/20241217/518f0aebe655459fa4250560b334b24c/c.html
莫斯科一栋居民楼发生爆炸致2人死亡,http://www.news.cn/20241217/642fa1f138f944789e57168a9f0b9223/c.html
欧盟将开发IRIS2通信卫星系统,http://www.news.cn/20241217/86872c8db92e4d398df85b8a3160b520/c.html
加拿大公共安全部长被任命为财政部长,http://www.news.cn/20241217/3924e0dc2fd0493aaa299c453e465490/c.html
中印边界问题特别代表第23次会晤将在北京举行,http://www.news.cn/20241216/2937c21c78e24612a7ef6f190e236169/c.html
国道318线（然乌段）然乌隧道顺利贯通,http://www.news.cn/20241216/4c45b0c2beef49028c10b8004618a47a/c.html
我国成功发射航天宏图PIESAT-2 09~12星,http://www.news.cn/20241217/c5e205a922674d52891db93af0a859a6/c.html
美国威斯康辛州发生校园枪击案造成2死6伤,http://www.news.cn/20241217/af01c0587311437c98e2edc1b4d95bba/c.html
德国总理朔尔茨未通过联邦议院信任投票,http://www.news.cn/20241217/babc99c3f70f45259b90558725e09704/c.html
第二届中国侨智发展大会打造四大主题板块,http://www.news.cn/20241217/3c4010d074f14a44a2144d4b7817f37a/c.html
上海市政府代表团抵达台北参加“2024上海台北城市论坛”,http://www.news.cn/20241216/7038ccc81dc547aba2d0f3b1fc42e2f2/c.html
以色列特拉维夫等地响起防空警报　以军说拦截来自也门导弹,http://www.news.cn/20241216/25e65fe6ee44448083c10b75dd1e5987/c.html
多部门部署加大对重点企业的内贸险保障力度,http://www.news.cn/20241216/39a9be201b4946bd8652d02a4faff63c/c.html
中国自主知识产权核电站应急柴油发电机组——“核柴一号”发布,http://www.news.cn/20241216/5f9baaacdbb248c88b8b08b774a56b53/c.html
今年我国航司旅客运输量创历史新高,http://www.news.cn/20241216/d1293cd59d68465fad294c0fd2b04527/c.html
王毅出席2024年国际形势与中国外交研讨会并发表演讲,http://www.news.cn/https://www.news.cn/politics/leaders/20241217/23295d3bc47e4a4b97c2d8307c55dbaa/c.html
谈2024年中国外交五大亮点,http://www.news.cn/https://www.news.cn/politics/leaders/20241217/61def6f6067a44519afb13f162de590a/c.html
中美金融工作组举行第七次会议,http://www.news.cn/https://www.news.cn/world/20241217/77a8e26476ed42a5ae7d7b7b4afc6c8b/c.html
关于第九届全国道德模范候选人的公示,http://www.news.cn/http://www.news.cn/politics/20241216/27c728d537fc4a32820dff289596785e/c.html
三部门联合印发《乡村地名建设指南1.0版》,http://www.news.cn/http://www.news.cn/politics/20241217/33be7dcf70a44f32a503b609d1aa1399/c.html
我国加快以标准提升引领原材料工业优化升级,http://www.news.cn/https://www.news.cn/fortune/20241217/0a9e835677064bf3bc44d4a4d3a1a66f/c.html
《运动员技术等级标准》修订：控量提质 重视大球,http://www.news.cn/https://sports.news.cn/20241217/ea8b4280c6d34304a2419134f9e983dd/c.html
中国网络文学加速出海 海外营收规模达43.5亿元,http://www.news.cn/https://www.news.cn/fortune/20241217/c06011824cb949ff968dcd536f7ceec2/c.html
生态环境部：12月下半月河北等地可能出现重度污染,http://www.news.cn/http://www.news.cn/politics/20241217/35509116d5e145a0bd6dec72d847132d/c.html
中央企业品牌引领行动首批优秀成果发布,http://www.news.cn/https://www.news.cn/fortune/20241217/11c14331c701401bbcd587521bcf01b2/c.html
专题丨,http://www.news.cn/http://www.news.cn/zt/2024jjbxjj/index.html
冰雪试验区蹲点见闻：冰雪崛起新力量,http://www.news.cn/http://www.news.cn/local/20241217/56a164ff8f6d4669b7a34bbbb38183a9/c.html
云南省政府原副省长李石松严重违纪违法被“双开”,http://www.news.cn/http://www.news.cn/legal/20241217/4cbffc16d7544616843a6369e2735b86/c.html
健康我来说丨无痛分娩针什么时候打比较合适？,http://www.news.cn/http://www.news.cn/20241217/998a5635ab1141a2ad5c33c1ba9c7330/c.html
尹锡悦将在宪法法院举行公开辩论时到场,http://www.news.cn/https://www.news.cn/world/20241217/500285c01c2347629a092ed6924bd8b1/c.html
特朗普：美中联手可以解决世界上所有问题,http://www.news.cn/https://www.news.cn/world/20241217/e9756e6001da425ab01b4328cb14354a/c.html
多国代表共话印度洋地区蓝色经济发展合作,http://www.news.cn/https://www.news.cn/world/20241217/ffe40b2077a14d25a046a8c34517a04c/c.html
TikTok要求美最高法院冻结强迫出售令,http://www.news.cn/https://www.news.cn/world/20241217/44cc4da025614b99abf9db98e3a93bf4/c.html
斯里兰卡选出新议长,http://www.news.cn/https://www.news.cn/world/20241217/050e7775f1314a3796de0621bc87aa8a/c.html
瓦努阿图7.3级地震致建筑物倒塌至少一人死亡,http://www.news.cn/https://www.news.cn/world/20241217/b8cf08d6d91b456e851a7ba3d581034e/c.html
,http://www.news.cn/https://www.news.cn/comments/20241213/042b8a63182c4fa19102fb2b20617ed1/c.html
“被直播”要勇于维权,http://www.news.cn/https://www.news.cn/comments/20241213/042b8a63182c4fa19102fb2b20617ed1/c.html
“第三方测评”也该“测评”一下,http://www.news.cn/https://www.news.cn/comments/20241211/08ed0325c1b54276992f3ad1a0210d1a/c.html
,http://www.news.cn/https://www.news.cn/health/20241216/c21f635487944c4facd277b461e7d46d/c.html
线上购药调查,http://www.news.cn/https://www.news.cn/health/20241216/c21f635487944c4facd277b461e7d46d/c.html
“黎明之城”迈进旅居时代,http://www.news.cn/http://www.news.cn/politics/20241212/18fbf16e99184ef095734c7a99b5ab2d/c.html
,http://www.news.cn/http://www.news.cn/world/20241214/bfb8cef345d5490284d2078396c8e7c8/c.html
尹锡悦弹劾动议案通过，韩国弹劾总统都有哪些流程？,http://www.news.cn/http://www.news.cn/world/20241214/bfb8cef345d5490284d2078396c8e7c8/c.html
24小时空袭叙利亚100多次 以色列意欲何为？,http://www.news.cn/http://www.news.cn/world/20241210/200d167e775d406abf2023704839ab93/c.html
“四条红线”为中美关系构筑发展基座,http://www.news.cn/https://www.news.cn/world/20241216/6a7dad0834e240deb29c38f6f53d685d/c.html
羽绒服“假绒”乱象，该管管了,http://www.news.cn/https://www.news.cn/fortune/20241217/93b867c83df94f97966efbf60a9ff589/c.html
堵住培训机构“卷款跑路”的漏洞,http://www.news.cn/http://www.news.cn/politics/20241216/730593741d1a4b3c80d9a2d23cd49414/c.html
,http://www.news.cn/http://www.news.cn/depthobserve/xhqmtt.html
新华全媒头条丨,http://www.news.cn/http://www.news.cn/depthobserve/xhqmtt.html
绿“锁”塔漠育新机,http://www.news.cn/http://www.news.cn/20241215/cd30d702b5684ee89aee7a0fabc58f81/c.html
民生直通车丨,http://www.news.cn/http://www.news.cn/depthobserve/msztc.html
电动汽车供电设备强制认证将解决哪些问题,http://www.news.cn/https://www.news.cn/fortune/20241216/fa4f77e50d0c41449b694b815dddcfe9/c.html
新华每日电讯丨,http://www.news.cn/http://www.xinhuanet.com/mrdx/index.htm
慕生忠女儿回忆父亲：以忠诚筑天路,http://www.news.cn/http://www.news.cn/politics/20241217/86bef61aaaef4fa2a1157316954f46f1/c.html
新华全媒+丨,http://www.news.cn/http://www.news.cn/depthobserve/xhqmj.html
深圳龙华：客家古村焕新生,http://www.news.cn/https://www.news.cn/photo/20241216/faa1d0e1c99d412b8138ec1a69173e48/c.html
新华视点丨,http://www.news.cn/http://www.news.cn/depthobserve/xhsd.html
燃气安全调查：冬季用气高峰，警惕管线风险,http://www.news.cn/http://www.news.cn/politics/20241216/84204f6645454fcd98a6c911d7a93441/c.html
秀我中国丨,http://www.news.cn/http://www.news.cn/depthobserve/xwzg.html
长春冰雪新天地开园 冰灯与漫天烟花交相辉映,http://www.news.cn/http://www.news.cn/politics/20241217/5a4b7f2c6c894a79aa75e6a8714d7037/c.html
国际观察丨,http://www.news.cn/http://news.cn/depthobserve/gjgc.html
韩国总统弹劾进入“法斗”阶段,http://www.news.cn/https://www.news.cn/world/20241216/4333307b78784b02a95cc21f719c6db9/c.html
追光丨,http://www.news.cn/http://www.news.cn/depthobserve/zg.html
从冠军开始，以冠军告别,http://www.news.cn/https://sports.news.cn/20241216/1d43835327064b6bbcc3c5c54633c27f/c.html
,http://www.news.cn/http://www.news.cn/politics/20241217/4c231db3c36a4e5bb971ad552e6e70e5/c.html
雄安：大模型重塑未来,http://www.news.cn/http://www.news.cn/politics/20241217/4c231db3c36a4e5bb971ad552e6e70e5/c.html
,http://www.news.cn/http://www.news.cn/local/20241217/53a41c1b5cc243cb95bf910754d4c1ff/c.html
旅游公路铺就“诗和远方”,http://www.news.cn/http://www.news.cn/local/20241217/53a41c1b5cc243cb95bf910754d4c1ff/c.html
,http://www.news.cn/https://www.news.cn/talking/20241211/b3829270e8d64465871915b7691fc03d/c.html
专访中国工程院院士钮新强：让中国人喝上好水,http://www.news.cn/https://www.news.cn/talking/20241211/b3829270e8d64465871915b7691fc03d/c.html
,http://www.news.cn/http://www.news.cn/talking/zgjjyzh/9/index.html
,http://www.news.cn/http://www.news.cn/talking/dgzs/index.html
22年前，山西医药行业第一股上市背后的故事,http://www.news.cn/http://sx.news.cn/20241217/871ae0b2ded44ffe8d16209f67badd15/c.html
新华访谈｜南水北调给中国带来了什么？,http://www.news.cn/https://www.news.cn/talking/20241205/9ee39cf269d8433884fcee80ec5e53f4/c.html
县计献策 | 这里为何能成为大热“旅行目的地”,http://www.news.cn/http://www.news.cn/politics/talk02/index.html 
“天花板中的天花板”，为何造得那么极致？,http://www.news.cn/https://www.xinhuanet.com/talking/20241122/8fff766379704fc888d92f7ceab6b6a3/c.html
汤超：打破学科界限，以科学眼光探索生命系统,http://www.news.cn/https://www.news.cn/tech/20241125/57f53c9a78484251b427edc0775bf2e9/c.html
新华社消息,http://www.news.cn/https://my-h5news.app.xinhuanet.com/h5/specialTopic/indexPc.html?articleId=2e6046f353184711a378901f1979475b&
新时代中国调研行,http://www.news.cn/http://www.news.cn/zt/xsdzgdyxzkqy/dwqp/index.html
文化中国行,http://www.news.cn/http://www.news.cn/zt/whzgx2024/index.html
新华走笔,http://www.news.cn/https://my-h5news.app.xinhuanet.com/h5/specialTopic/index.html?articleId=d3ed51c3b39d4cdc822a02461b4c9b71&
国社之镜,http://www.news.cn/http://www.news.cn/zt/xhsxwsyz/index.html
中国经济样本观察,http://www.news.cn/http://news.cn/zt/zgjjybgc2024/index.html
高质量发展调研行,http://www.news.cn/http://www.news.cn/zt/gzlfzdyx/index.html
聚焦中国经济,http://www.news.cn/http://news.cn/zt/jjzgjj2024/index.html
神州答卷,http://www.news.cn/http://www.xinhuanet.com/politics/ldzt/zgszdj/index.htm
第41次南极考察,http://www.news.cn/https://www.news.cn/tech/zt/zgdssycnjkc/index.html
关注中东局势,http://www.news.cn/http://www.news.cn/world/byctsj/index.htm
俄乌冲突,http://www.news.cn/http://www.news.cn/world/dgwj/wkljs/index.htm
国务院任免国家工作人员,http://www.news.cn/http://www.news.cn/politics/20241213/1f8e19be42aa4143bf23e86ecba76570/c.html
谈绪祥任中共北京市委常委,http://www.news.cn/http://www.news.cn/politics/20241214/b19ef0db40984305bd3530ddd5d7d1eb/c.html
孙红梅任安徽省委常委,http://www.news.cn/http://www.news.cn/politics/20241214/b299d49210ec4598a6d476e7d3fa670b/c.html
第十五届新华网教育论坛11日在京举办,http://www.news.cn/https://education.news.cn/zthz/2024cip/index.html
@技能人员：小心“山寨证书”，这些分辨方法快收藏,http://www.news.cn/https://education.news.cn/20241217/1380b1fea9224638a4c30076098e19eb/c.html
他们是职教之“师” | 王岳喜：“小故事”讲好“大道理”,http://www.news.cn/https://education.news.cn/20241217/5af9f76e4c1f4678b8a66abca9c08189/c.html
工厂变智慧，中国智造有活力,http://www.news.cn/https://www.news.cn/tech/20241217/962da063a8bc4fc0a5de04d34bda715d/c.html
2024年我国电子竞技用户规模达4.9亿,http://www.news.cn/https://www.news.cn/tech/20241217/b8e4afee89bb4210a640185bfded1a98/c.html
激发数字消费潜能助力扩大内需,http://www.news.cn/https://www.news.cn/tech/20241217/083fee1da37748c699820887ed99513f/c.html
,http://www.news.cn/20241217/9270d7750cf24fa1863349c8b434964b/c.html
央行精准调控 流动性保持充裕料无虞,http://www.news.cn/20241217/9270d7750cf24fa1863349c8b434964b/c.html
落实两项货币政策工具 支持资本市场稳定发展,http://www.news.cn/20241217/3c315c37adef4ea2987a34e727cbf82e/c.html
,http://www.news.cn/http://www.news.cn/auto/20241217/b1a803a4621147c2bb05f42d00a5965d/c.html
电动汽车供电设备强制认证将解决哪些问题和隐患？,http://www.news.cn/http://www.news.cn/auto/20241217/b1a803a4621147c2bb05f42d00a5965d/c.html
电动智能与新消费“双向奔赴” 汽车自主品牌向上“突围”,http://www.news.cn/http://www.news.cn/auto/20241216/71b9a9c36d934a73b293ca2acc06dd1b/c.html
,http://www.news.cn/http://www.news.cn/science/20241217/d3c3b440f77a49479ac010a2fb8c4b11/c.html
防治心肌纤维化有了新途径,http://www.news.cn/http://www.news.cn/science/20241217/d3c3b440f77a49479ac010a2fb8c4b11/c.html
智能技术“钻”出页岩油钻井新纪录,http://www.news.cn/http://www.news.cn/science/20241217/19b24616e8ee4852a97604af483f0952/c.html
财经聚焦丨“耳朵经济”升温，播客能否持续破圈前行？,http://www.news.cn//digital/20241213/414348926a0a4140aa4a7464ae7023f0/c.html
流量经济下，谁能为企业带来用户和交易？用户增长运营师职业发展现状调查,http://www.news.cn//digital/20241212/93729351bb4c4fe7a76492762b9db64b/c.html
国家网信办集中整治网上金融信息乱象,http://www.news.cn//digital/20241212/38020b386cc543fc939647a7628cc2dd/c.html
新版目录将职业病调整为12大类135种,http://www.news.cn//government/20241217/f8836a11c3ab4eed9eadd5ac8691ba68/c.html
吉林省政策惠民、政策引客持续助力冰雪旅游,http://www.news.cn//government/20241217/b583ff19053c4a769c599a1c1ae0fa21/c.html
耳机星人注意 耳鸣警报已拉响,http://www.news.cn//government/20241217/c761e9c4f730472aa18475369cfab823/c.html
云冈石窟“第一伟窟”“音乐窟”经封闭修缮重新开放,http://www.news.cn//ci/20241217/f9e5964eba3c4543a78609b19f887976/c.html
一眼五千年，来故宫博物院看凌家滩精华玉器,http://www.news.cn//ci/20241217/8842c6e15e4f4f46bf2e16098c8d0675/c.html
神秘“土包”，竟是西夏帝陵？！,http://www.news.cn//ci/20241217/290f8b8532a149ae88f6d8df9b31a37e/c.html
《时代摘要》第三季走进科大讯飞：“星火”燎原 用人工智能共创美好世界,http://www.news.cn/https://www.news.cn/food/20241216/739dbb84e8134ce1b9cbcc7930119911/c.html
运粮点对点 损耗降下来,http://www.news.cn/http://www.news.cn/food/20241213/aac71516452845ee9dfa353fa30cc568/c.html
白酒行业进入年末冲刺阶段,http://www.news.cn/https://www.news.cn/travel/20241213/d03370faa97545ffa11d563ec8a67758/c.html
中医药助力健康中国|专家共话糖尿病防治,http://www.news.cn/https://www.news.cn/health/20241216/c3ccbdda9bac4ded9ef6772979b0476a/c.html
【直播】2024爱康智汇康云大会,http://www.news.cn/https://my-h5news.app.xinhuanet.com/h5activity/yunzhibo/#/?roomId=674fcd5fe4b01dc0be36199d&isFull=0&isTest=no&isXR=0
欧加隆“欧翎先锋”项目赋能医药零售药师，助力行业高质量发展,http://www.news.cn/20241204/8214c61a86f34fe1aa4a395d41a1f516/c.html
“节目单”大放送！2025乡村振兴赋能季等你启幕,http://www.news.cn/https://xczx.news.cn/20241217/b53169e160cb482a9b4200470026cc51/c.html
“新华网2024乡村振兴实践案例征集”进入倒计时！,http://www.news.cn/https://xczx.news.cn/20241120/0a6dac08e4d74a7ca10f7d4cd0d22fc0/c.html
2024乡村振兴实践案例入围展示专题,http://www.news.cn/http://xczx.news.cn/2024xczxal/index.html
,http://www.news.cn/https://www.news.cn/info/20241217/95afd421c0944bba9bad77f72d8d1200/c.html
科技为“诗和远方”镀上崭新光泽,http://www.news.cn/https://www.news.cn/info/20241217/95afd421c0944bba9bad77f72d8d1200/c.html
原材料工业优化升级需标准提升引领,http://www.news.cn/https://www.news.cn/info/20241217/5abd49eaf25e469e83f04ec1dc4d31b2/c.html
,http://www.news.cn/https://www.news.cn/house/20241213/edef6cc1b914430f91cbe896beef26ca/c.html
北京三线段轨道新线周日开通试运营,http://www.news.cn/https://www.news.cn/house/20241213/edef6cc1b914430f91cbe896beef26ca/c.html
北京构建历史文化遗产“大保护”格局,http://www.news.cn/https://www.news.cn/house/20241213/dac58f50769743ddb8c2b09ad1274b44/c.html
,http://www.news.cn/http://news.cn/info/xbsyzg/rdzt/zzjh3/index.html
2023新华网溯源中国“种子计划”精彩集锦,http://www.news.cn/http://news.cn/info/xbsyzg/rdzt/zzjh3/index.html
湖南益阳：科技育菌 院企合作助推乡村振兴,http://www.news.cn/https://www.news.cn/info/20241217/98523d6c315f4c8f86eaaf194196009f/c.html
2024年我国能源自给率保持在80%以上,http://www.news.cn/https://www.news.cn/energy/20241217/3e11ec07af8143c48f867aace604a925/c.html
国家能源局：2025年核准建设一批重点电力互济工程,http://www.news.cn/https://www.news.cn/energy/20241215/91dce6be9ad04f5fa64d033afaa45c3b/c.html
2024年我国累计建成新型储能超过6000万千瓦,http://www.news.cn/https://www.news.cn/energy/20241215/d895f1bcaedf4fb1a8de1e0d69cc2b17/c.html
旅游业将迎更多“新人”,http://www.news.cn/https://www.news.cn/travel/20241216/c60655ed8c6b44cba85a009d26e3a84f/c.html
“村”IP如何带动乡村“破圈”发展,http://www.news.cn/https://www.news.cn/travel/20241216/4ce5bb1a131b4e36aa5a291452c8fdb5/c.html
300秒看家乡︱河北省雄安新区安新县：淀乡荷魂 水墨安新,http://www.news.cn/https://city.news.cn/20241213/22b4af5b75484c26a265c84bc3e018b2/c.html
货币政策转向“适度宽松” 加力推动经济回升向好,http://www.news.cn/20241211/1c667dfd6aa04e36b4481732841e7dcc/c.html
三路资金积极加仓 A股市场流动性充裕,http://www.news.cn/20241211/4b2ed9234d5242c6bca77dd440420a54/c.html
上海出台支持上市公司并购重组行动方案,http://www.news.cn/20241211/13b3c0894fa64a1b84cc48f41a80795a/c.html
,http://www.news.cn/https://www.news.cn/culture/20241217/c8809b7094bb418b9e9ddbc990913aa7/c.html
神秘“土包”，竟是西夏帝陵？！,http://www.news.cn/https://www.news.cn/culture/20241217/c8809b7094bb418b9e9ddbc990913aa7/c.html
四川启动古蜀文明保护传承二期工程,http://www.news.cn/https://www.news.cn/culture/20241217/8b7ce0433f304d94a5a3968b5f749855/c.html
,http://www.news.cn/https://www.news.cn/fashion/20241217/e782b87de179453da9d6666e42280b98/c.html
宠物经济快速增长激活消费新潜能,http://www.news.cn/https://www.news.cn/fashion/20241217/e782b87de179453da9d6666e42280b98/c.html
国家药监局关于10批次化妆品检出禁用原料的通告（2024年第56号）,http://www.news.cn/https://www.news.cn/fashion/20241217/e483a5cb584c4e05983a0343850635fe/c.html
,http://www.news.cn/https://sports.news.cn/20241217/12aae813b8e744aab5af7d02e13097d4/c.html
乒超联赛决出八支球队晋级总决赛,http://www.news.cn/https://sports.news.cn/20241217/12aae813b8e744aab5af7d02e13097d4/c.html
控量提质·重视大球·深化体教融合——国家体育总局相关人士解读新修订的《运动员技术等级标准》,http://www.news.cn/https://sports.news.cn/20241217/ea8b4280c6d34304a2419134f9e983dd/c.html
,http://www.news.cn/http://www.news.cn/politics/20241018/86880c3b55ae4a47bf3d243807bbbf26/c.html
傅华会见委内瑞拉新闻和通信部长尼亚涅斯,http://www.news.cn/http://www.news.cn/politics/20241018/86880c3b55ae4a47bf3d243807bbbf26/c.html
,http://www.news.cn/http://www.news.cn/world/20241015/84a023c6c9b8493fae0daec38924cddc/c.html
“一带一路”国际智库合作论坛暨第二届丝绸之路（西安）国际传播大会开幕,http://www.news.cn/http://www.news.cn/world/20241015/84a023c6c9b8493fae0daec38924cddc/c.html
2024金融街论坛年会嘉宾共话金融开放合作、稳定发展,http://www.news.cn/http://www.news.cn/20241018/b3f82390a9454c0da8309da7c25a6e92/c.html
“一带一路”国际智库合作委员会2024年理事会会议举行,http://www.news.cn/http://www.news.cn/politics/20241015/8ea81492ed104fb4bb76f388adfeec2a/c.html
新华社国家高端智库报告《八项行动奠定共建“一带一路”新十年良好开局》在西安发布,http://www.news.cn/http://www.news.cn/world/20241015/f92b22dc7fb04ab2b081c293bab5365c/c.html
《奋进强国路 阔步新征程：新中国成立75周年伟大成就综述》出版发行,http://www.news.cn/http://www.news.cn/20241127/b37fcf602ef34d61851134d5c070fb00/c.html
